3380.000000,1.37092e-14
3382.335747,1.23832e-15
3384.671494,-2.87209e-16
3387.007240,4.7556e-17
3389.342987,-1.68991e-17
3391.678734,1.14582e-16
3394.014481,-3.81588e-16
3396.350227,-4.14523e-15
3398.685974,2.89053e-15
3401.021721,2.61739e-14
3403.357468,2.21054e-14
3405.693214,1.64675e-14
3408.028961,2.06179e-14
3410.364708,3.16284e-14
3412.700455,3.67394e-14
3415.036201,2.59067e-14
3417.371948,1.04297e-14
3419.707695,1.67886e-14
3422.043442,3.02604e-14
3424.379189,2.86794e-14
3426.714935,1.77186e-14
3429.050682,2.3766e-14
3431.386429,2.44699e-14
3433.722176,2.22589e-14
3436.057922,2.9854e-14
3438.393669,2.02313e-14
3440.729416,1.87309e-14
3443.065163,2.93813e-14
3445.400909,3.35444e-14
3447.736656,3.60083e-14
3450.072403,3.33486e-14
3452.408150,2.91823e-14
3454.743896,1.87039e-14
3457.079643,1.91607e-14
3459.415390,1.53839e-14
3461.751137,2.48892e-14
3464.086884,2.73857e-14
3466.422630,2.83821e-14
3468.758377,2.1043e-14
3471.094124,2.62226e-14
3473.429871,2.7384e-14
3475.765617,2.19715e-14
3478.101364,2.73976e-14
3480.437111,2.33014e-14
3482.772858,2.99207e-14
3485.108604,2.36726e-14
3487.444351,2.72677e-14
3489.780098,2.41204e-14
3492.115845,2.15502e-14
3494.451591,2.80564e-14
3496.787338,2.75583e-14
3499.123085,3.23818e-14
3501.458832,3.39818e-14
3503.794579,3.24153e-14
3506.130325,3.02019e-14
3508.466072,3.00435e-14
3510.801819,4.0543e-14
3513.137566,3.96499e-14
3515.473312,3.93071e-14
3517.809059,3.80406e-14
3520.144806,3.70068e-14
3522.480553,4.52394e-14
3524.816299,4.01024e-14
3527.152046,3.68274e-14
3529.487793,3.25437e-14
3531.823540,3.05547e-14
3534.159286,3.43691e-14
3536.495033,3.0824e-14
3538.830780,3.45418e-14
3541.166527,2.98231e-14
3543.502274,3.89047e-14
3545.838020,3.74383e-14
3548.173767,3.97944e-14
3550.509514,3.59267e-14
3552.845261,3.45996e-14
3555.181007,2.86995e-14
3557.516754,3.32039e-14
3559.852501,3.25714e-14
3562.188248,3.14888e-14
3564.523994,3.40655e-14
3566.859741,2.92639e-14
3569.195488,3.13769e-14
3571.531235,3.00741e-14
3573.866982,3.07772e-14
3576.202728,2.68104e-14
3578.538475,3.01443e-14
3580.874222,3.2572e-14
3583.209969,3.33005e-14
3585.545715,3.76411e-14
3587.881462,3.55609e-14
3590.217209,3.46494e-14
3592.552956,4.09275e-14
3594.888702,4.31768e-14
3597.224449,4.2296e-14
3599.560196,3.83786e-14
3601.895943,3.66122e-14
3604.231689,3.10953e-14
3606.567436,3.5924e-14
3608.903183,3.36265e-14
3611.238930,3.77123e-14
3613.574677,3.58727e-14
3615.910423,3.80251e-14
3618.246170,3.70426e-14
3620.581917,3.63676e-14
3622.917664,3.31293e-14
3625.253410,3.14085e-14
3627.589157,3.33853e-14
3629.924904,3.61504e-14
3632.260651,3.91127e-14
3634.596397,4.1375e-14
3636.932144,3.81323e-14
3639.267891,3.65655e-14
3641.603638,3.94334e-14
3643.939384,4.42988e-14
3646.275131,4.26041e-14
3648.610878,4.28667e-14
3650.946625,4.20296e-14
3653.282372,4.13825e-14
3655.618118,3.94067e-14
3657.953865,3.9257e-14
3660.289612,3.62583e-14
3662.625359,3.84613e-14
3664.961105,4.2088e-14
3667.296852,4.20517e-14
3669.632599,3.95216e-14
3671.968346,3.51251e-14
3674.304092,3.13981e-14
3676.639839,3.04821e-14
3678.975586,2.87312e-14
3681.311333,3.09255e-14
3683.647079,3.85896e-14
3685.982826,4.97045e-14
3688.318573,5.86659e-14
3690.654320,5.89583e-14
3692.990067,5.67208e-14
3695.325813,5.2179e-14
3697.661560,4.85233e-14
3699.997307,4.42971e-14
3702.333054,4.49612e-14
3704.668800,4.42328e-14
3707.004547,4.06455e-14
3709.340294,4.10112e-14
3711.676041,4.4539e-14
3714.011787,5.06481e-14
3716.347534,4.75736e-14
3718.683281,4.62869e-14
3721.019028,5.48666e-14
3723.354774,5.87207e-14
3725.690521,5.70506e-14
3728.026268,4.81155e-14
3730.362015,4.22016e-14
3732.697762,4.30119e-14
3735.033508,4.74866e-14
3737.369255,4.49593e-14
3739.705002,4.68838e-14
3742.040749,4.38046e-14
3744.376495,4.17285e-14
3746.712242,4.48661e-14
3749.047989,4.4885e-14
3751.383736,3.64896e-14
3753.719482,2.94132e-14
3756.055229,2.51848e-14
3758.390976,3.25749e-14
3760.726723,4.61619e-14
3763.062469,5.73356e-14
3765.398216,6.30454e-14
3767.733963,6.74456e-14
3770.069710,7.09937e-14
3772.405457,7.17577e-14
3774.741203,7.16159e-14
3777.076950,6.76726e-14
3779.412697,6.37685e-14
3781.748444,5.66699e-14
3784.084190,5.28851e-14
3786.419937,4.80428e-14
3788.755684,4.10046e-14
3791.091431,3.83131e-14
3793.427177,4.41429e-14
3795.762924,5.02718e-14
3798.098671,5.91019e-14
3800.434418,6.56686e-14
3802.770164,6.75479e-14
3805.105911,6.23293e-14
3807.441658,5.41626e-14
3809.777405,4.66348e-14
3812.113152,4.43172e-14
3814.448898,4.75523e-14
3816.784645,4.52658e-14
3819.120392,4.29932e-14
3821.456139,4.20535e-14
3823.791885,3.97391e-14
3826.127632,3.58116e-14
3828.463379,3.42473e-14
3830.799126,4.16427e-14
3833.134872,4.87996e-14
3835.470619,6.00818e-14
3837.806366,6.71514e-14
3840.142113,6.88886e-14
3842.477859,6.58282e-14
3844.813606,6.23265e-14
3847.149353,5.65833e-14
3849.485100,5.00449e-14
3851.820847,4.84162e-14
3854.156593,4.76061e-14
3856.492340,4.86758e-14
3858.828087,5.37744e-14
3861.163834,5.74963e-14
3863.499580,5.70817e-14
3865.835327,5.60409e-14
3868.171074,5.41225e-14
3870.506821,5.35729e-14
3872.842567,5.22684e-14
3875.178314,4.78762e-14
3877.514061,4.52865e-14
3879.849808,4.14971e-14
3882.185555,3.87463e-14
3884.521301,4.41513e-14
3886.857048,5.33529e-14
3889.192795,6.18404e-14
3891.528542,6.24729e-14
3893.864288,6.00589e-14
3896.200035,5.99905e-14
3898.535782,5.77466e-14
3900.871529,5.96736e-14
3903.207275,5.81227e-14
3905.543022,5.57589e-14
3907.878769,4.82032e-14
3910.214516,4.69014e-14
3912.550262,5.07358e-14
3914.886009,5.6259e-14
3917.221756,5.85483e-14
3919.557503,5.63786e-14
3921.893250,5.15031e-14
3924.228996,4.24245e-14
3926.564743,3.0226e-14
3928.900490,2.50401e-14
3931.236237,3.10259e-14
3933.571983,4.36537e-14
3935.907730,5.74901e-14
3938.243477,6.43629e-14
3940.579224,6.34473e-14
3942.914970,5.97784e-14
3945.250717,6.00845e-14
3947.586464,5.74575e-14
3949.922211,5.74321e-14
3952.257957,5.42452e-14
3954.593704,5.2426e-14
3956.929451,4.71769e-14
3959.265198,3.77379e-14
3961.600945,2.86588e-14
3963.936691,2.76356e-14
3966.272438,3.98245e-14
3968.608185,5.99394e-14
3970.943932,8.24378e-14
3973.279678,9.62701e-14
3975.615425,1.00678e-13
3977.951172,9.52054e-14
3980.286919,8.68376e-14
3982.622665,7.68166e-14
3984.958412,6.80883e-14
3987.294159,6.04865e-14
3989.629906,5.72907e-14
3991.965652,5.55897e-14
3994.301399,5.49199e-14
3996.637146,5.34628e-14
3998.972893,5.43399e-14
4001.308640,5.4169e-14
4003.644386,5.69967e-14
4005.980133,5.69284e-14
4008.315880,5.51079e-14
4010.651627,5.67177e-14
4012.987373,5.72683e-14
4015.323120,5.56724e-14
4017.658867,5.12788e-14
4019.994614,5.25748e-14
4022.330360,5.73647e-14
4024.666107,5.62996e-14
4027.001854,5.71866e-14
4029.337601,6.03379e-14
4031.673347,5.91679e-14
4034.009094,6.13562e-14
4036.344841,5.94877e-14
4038.680588,5.49792e-14
4041.016335,5.40321e-14
4043.352081,5.29069e-14
4045.687828,5.40504e-14
4048.023575,5.25952e-14
4050.359322,5.42459e-14
4052.695068,5.73547e-14
4055.030815,5.51296e-14
4057.366562,5.39293e-14
4059.702309,5.58405e-14
4062.038055,5.61348e-14
4064.373802,5.749e-14
4066.709549,5.40727e-14
4069.045296,5.29569e-14
4071.381042,5.3522e-14
4073.716789,5.60344e-14
4076.052536,5.78843e-14
4078.388283,5.87214e-14
4080.724030,5.76292e-14
4083.059776,5.92408e-14
4085.395523,5.90422e-14
4087.731270,5.84427e-14
4090.067017,5.53869e-14
4092.402763,4.62357e-14
4094.738510,4.7486e-14
4097.074257,5.7901e-14
4099.410004,7.78465e-14
4101.745750,9.60492e-14
4104.081497,1.02432e-13
4106.417244,1.08284e-13
4108.752991,1.06093e-13
4111.088737,9.47646e-14
4113.424484,8.44949e-14
4115.760231,7.59428e-14
4118.095978,6.96186e-14
4120.431725,6.66111e-14
4122.767471,6.2814e-14
4125.103218,6.08093e-14
4127.438965,6.58736e-14
4129.774712,6.95024e-14
4132.110458,7.07032e-14
4134.446205,7.00598e-14
4136.781952,6.75201e-14
4139.117699,6.54781e-14
4141.453445,6.32683e-14
4143.789192,6.14769e-14
4146.124939,6.20118e-14
4148.460686,6.15793e-14
4150.796432,6.2326e-14
4153.132179,6.0068e-14
4155.467926,5.60568e-14
4157.803673,5.62269e-14
4160.139420,5.84515e-14
4162.475166,5.77346e-14
4164.810913,5.56155e-14
4167.146660,5.61693e-14
4169.482407,5.66859e-14
4171.818153,6.12011e-14
4174.153900,6.76325e-14
4176.489647,7.64575e-14
4178.825394,8.32992e-14
4181.161140,8.69311e-14
4183.496887,8.60401e-14
4185.832634,7.98475e-14
4188.168381,7.55209e-14
4190.504128,7.12492e-14
4192.839874,6.67244e-14
4195.175621,6.55577e-14
4197.511368,6.21527e-14
4199.847115,6.01775e-14
4202.182861,6.16663e-14
4204.518608,6.16126e-14
4206.854355,6.19321e-14
4209.190102,6.33258e-14
4211.525848,6.23619e-14
4213.861595,6.21388e-14
4216.197342,6.12905e-14
4218.533089,5.98933e-14
4220.868835,5.59561e-14
4223.204582,5.13827e-14
4225.540329,5.35613e-14
4227.876076,5.71292e-14
4230.211823,6.3264e-14
4232.547569,7.55737e-14
4234.883316,8.54775e-14
4237.219063,8.39108e-14
4239.554810,8.26978e-14
4241.890556,8.18525e-14
4244.226303,8.2108e-14
4246.562050,8.03568e-14
4248.897797,7.88939e-14
4251.233543,7.66917e-14
4253.569290,7.50406e-14
4255.905037,7.17187e-14
4258.240784,7.09527e-14
4260.576530,7.1698e-14
4262.912277,7.05611e-14
4265.248024,6.70144e-14
4267.583771,6.80974e-14
4269.919518,7.26278e-14
4272.255264,7.44779e-14
4274.591011,7.39784e-14
4276.926758,7.27805e-14
4279.262505,6.84349e-14
4281.598251,6.59204e-14
4283.933998,6.2313e-14
4286.269745,6.11608e-14
4288.605492,5.93411e-14
4290.941238,5.68462e-14
4293.276985,5.59893e-14
4295.612732,6.01807e-14
4297.948479,6.80614e-14
4300.284225,7.53964e-14
4302.619972,8.09052e-14
4304.955719,8.33824e-14
4307.291466,8.37467e-14
4309.627213,8.39658e-14
4311.962959,8.31797e-14
4314.298706,8.43621e-14
4316.634453,8.83399e-14
4318.970200,8.84615e-14
4321.305946,8.85793e-14
4323.641693,8.93138e-14
4325.977440,8.52625e-14
4328.313187,7.46953e-14
4330.648933,6.0395e-14
4332.984680,5.48738e-14
4335.320427,6.3581e-14
4337.656174,8.65603e-14
4339.991920,1.12209e-13
4342.327667,1.30622e-13
4344.663414,1.33729e-13
4346.999161,1.35228e-13
4349.334908,1.32712e-13
4351.670654,1.32044e-13
4354.006401,1.258e-13
4356.342148,1.16905e-13
4358.677895,1.05442e-13
4361.013641,9.19977e-14
4363.349388,8.73499e-14
4365.685135,8.71444e-14
4368.020882,8.46993e-14
4370.356628,8.15804e-14
4372.692375,8.13185e-14
4375.028122,7.92421e-14
4377.363869,7.76625e-14
4379.699615,7.664e-14
4382.035362,7.65356e-14
4384.371109,7.59956e-14
4386.706856,7.47134e-14
4389.042603,7.40904e-14
4391.378349,7.79454e-14
4393.714096,8.3605e-14
4396.049843,8.81148e-14
4398.385590,9.04926e-14
4400.721336,9.344e-14
4403.057083,9.03469e-14
4405.392830,8.54976e-14
4407.728577,7.95736e-14
4410.064323,7.43995e-14
4412.400070,7.73344e-14
4414.735817,8.26762e-14
4417.071564,8.92635e-14
4419.407310,9.10358e-14
4421.743057,9.02328e-14
4424.078804,8.87192e-14
4426.414551,8.58896e-14
4428.750298,8.20373e-14
4431.086044,7.71112e-14
4433.421791,6.96792e-14
4435.757538,6.35992e-14
4438.093285,6.22636e-14
4440.429031,6.33834e-14
4442.764778,6.73754e-14
4445.100525,7.64465e-14
4447.436272,8.55652e-14
4449.772018,9.04112e-14
4452.107765,9.03419e-14
4454.443512,8.5454e-14
4456.779259,8.32737e-14
4459.115005,7.60705e-14
4461.450752,7.07214e-14
4463.786499,7.13753e-14
4466.122246,7.44112e-14
4468.457993,7.79443e-14
4470.793739,8.074e-14
4473.129486,7.85042e-14
4475.465233,7.67643e-14
4477.800980,7.92456e-14
4480.136726,8.36959e-14
4482.472473,8.72914e-14
4484.808220,9.19332e-14
4487.143967,9.5016e-14
4489.479713,9.58848e-14
4491.815460,9.50784e-14
4494.151207,9.0152e-14
4496.486954,8.73813e-14
4498.822701,8.4366e-14
4501.158447,8.49945e-14
4503.494194,8.73769e-14
4505.829941,9.29374e-14
4508.165688,9.38215e-14
4510.501434,9.3948e-14
4512.837181,9.18219e-14
4515.172928,9.36363e-14
4517.508675,9.94791e-14
4519.844421,1.06315e-13
4522.180168,1.11296e-13
4524.515915,1.11077e-13
4526.851662,1.06436e-13
4529.187408,1.02369e-13
4531.523155,1.02455e-13
4533.858902,1.03155e-13
4536.194649,1.01214e-13
4538.530396,9.46941e-14
4540.866142,8.43491e-14
4543.201889,7.85709e-14
4545.537636,8.03836e-14
4547.873383,8.30555e-14
4550.209129,9.14202e-14
4552.544876,1.03124e-13
4554.880623,1.12254e-13
4557.216370,1.15884e-13
4559.552116,1.18858e-13
4561.887863,1.15073e-13
4564.223610,1.07324e-13
4566.559357,1.00926e-13
4568.895103,9.92396e-14
4571.230850,9.97435e-14
4573.566597,9.27306e-14
4575.902344,9.03585e-14
4578.238091,9.34612e-14
4580.573837,1.00681e-13
4582.909584,1.12233e-13
4585.245331,1.23815e-13
4587.581078,1.3064e-13
4589.916824,1.36693e-13
4592.252571,1.34642e-13
4594.588318,1.26873e-13
4596.924065,1.17487e-13
4599.259811,1.08388e-13
4601.595558,1.02637e-13
4603.931305,9.66643e-14
4606.267052,8.89884e-14
4608.602798,8.27772e-14
4610.938545,8.17577e-14
4613.274292,8.45315e-14
4615.610039,8.75874e-14
4617.945786,8.94587e-14
4620.281532,8.96574e-14
4622.617279,8.96863e-14
4624.953026,9.52775e-14
4627.288773,1.02289e-13
4629.624519,1.11174e-13
4631.960266,1.16893e-13
4634.296013,1.17667e-13
4636.631760,1.19024e-13
4638.967506,1.18841e-13
4641.303253,1.12659e-13
4643.639000,1.06479e-13
4645.974747,1.02573e-13
4648.310493,9.81318e-14
4650.646240,9.43327e-14
4652.981987,9.45664e-14
4655.317734,9.38176e-14
4657.653481,9.29888e-14
4659.989227,9.45201e-14
4662.324974,9.71205e-14
4664.660721,1.00428e-13
4666.996468,1.01669e-13
4669.332214,1.00707e-13
4671.667961,1.00441e-13
4674.003708,1.02271e-13
4676.339455,1.02906e-13
4678.675201,1.01601e-13
4681.010948,1.02473e-13
4683.346695,1.00945e-13
4685.682442,9.74735e-14
4688.018188,9.53864e-14
4690.353935,9.38193e-14
4692.689682,9.47534e-14
4695.025429,9.60064e-14
4697.361176,9.59327e-14
4699.696922,9.46192e-14
4702.032669,9.50753e-14
4704.368416,9.49649e-14
4706.704163,9.40498e-14
4709.039909,9.72149e-14
4711.375656,9.94684e-14
4713.711403,1.02789e-13
4716.047150,9.87494e-14
4718.382896,9.6267e-14
4720.718643,9.45496e-14
4723.054390,9.40826e-14
4725.390137,9.53589e-14
4727.725883,9.76377e-14
4730.061630,9.81566e-14
4732.397377,9.70061e-14
4734.733124,9.99264e-14
4737.068871,1.05191e-13
4739.404617,1.06605e-13
4741.740364,1.0638e-13
4744.076111,1.05242e-13
4746.411858,1.04346e-13
4748.747604,9.9363e-14
4751.083351,9.83669e-14
4753.419098,9.70519e-14
4755.754845,9.64856e-14
4758.090591,9.8445e-14
4760.426338,9.89231e-14
4762.762085,9.8179e-14
4765.097832,9.86346e-14
4767.433578,9.79746e-14
4769.769325,1.01533e-13
4772.105072,1.03418e-13
4774.440819,1.03366e-13
4776.776566,1.06446e-13
4779.112312,1.09023e-13
4781.448059,1.08317e-13
4783.783806,1.07678e-13
4786.119553,1.06968e-13
4788.455299,1.04993e-13
4790.791046,1.03857e-13
4793.126793,1.0514e-13
4795.462540,1.03642e-13
4797.798286,1.02091e-13
4800.134033,1.04181e-13
4802.469780,1.09258e-13
4804.805527,1.1136e-13
4807.141273,1.12903e-13
4809.477020,1.139e-13
4811.812767,1.10281e-13
4814.148514,1.07821e-13
4816.484261,1.10029e-13
4818.820007,1.12979e-13
4821.155754,1.16912e-13
4823.491501,1.21486e-13
4825.827248,1.24851e-13
4828.162994,1.26167e-13
4830.498741,1.25659e-13
4832.834488,1.24677e-13
4835.170235,1.20469e-13
4837.505981,1.1627e-13
4839.841728,1.1625e-13
4842.177475,1.17754e-13
4844.513222,1.1665e-13
4846.848969,1.09898e-13
4849.184715,9.71363e-14
4851.520462,9.13639e-14
4853.856209,1.03923e-13
4856.191956,1.38559e-13
4858.527702,1.96734e-13
4860.863449,2.57927e-13
4863.199196,2.99896e-13
4865.534943,3.12724e-13
4867.870689,2.97862e-13
4870.206436,2.69753e-13
4872.542183,2.37126e-13
4874.877930,2.0538e-13
4877.213676,1.8112e-13
4879.549423,1.61976e-13
4881.885170,1.51677e-13
4884.220917,1.44805e-13
4886.556664,1.41138e-13
4888.892410,1.3563e-13
4891.228157,1.32275e-13
4893.563904,1.3073e-13
4895.899651,1.29562e-13
4898.235397,1.27225e-13
4900.571144,1.23676e-13
4902.906891,1.21605e-13
4905.242638,1.20785e-13
4907.578384,1.16208e-13
4909.914131,1.06415e-13
4912.249878,9.44959e-14
4914.585625,8.82706e-14
4916.921371,9.79108e-14
4919.257118,1.22374e-13
4921.592865,1.54692e-13
4923.928612,1.83538e-13
4926.264359,2.02091e-13
4928.600105,2.0629e-13
4930.935852,1.99415e-13
4933.271599,1.90562e-13
4935.607346,1.75441e-13
4937.943092,1.61903e-13
4940.278839,1.48123e-13
4942.614586,1.37895e-13
4944.950333,1.35419e-13
4947.286079,1.33898e-13
4949.621826,1.31357e-13
4951.957573,1.30666e-13
4954.293320,1.28936e-13
4956.629066,1.26861e-13
4958.964813,1.23255e-13
4961.300560,1.26895e-13
4963.636307,1.28937e-13
4965.972054,1.30965e-13
4968.307800,1.34132e-13
4970.643547,1.34625e-13
4972.979294,1.35525e-13
4975.315041,1.34824e-13
4977.650787,1.31702e-13
4979.986534,1.30254e-13
4982.322281,1.28211e-13
4984.658028,1.26875e-13
4986.993774,1.25885e-13
4989.329521,1.28176e-13
4991.665268,1.26275e-13
4994.001015,1.20317e-13
4996.336761,1.18751e-13
4998.672508,1.19888e-13
5001.008255,1.19592e-13
5003.344002,1.13382e-13
5005.679749,9.91654e-14
5008.015495,8.62366e-14
5010.351242,8.90526e-14
5012.686989,1.08337e-13
5015.022736,1.41433e-13
5017.358482,1.82668e-13
5019.694229,2.12363e-13
5022.029976,2.35504e-13
5024.365723,2.46957e-13
5026.701469,2.36051e-13
5029.037216,2.15253e-13
5031.372963,1.95335e-13
5033.708710,1.7804e-13
5036.044456,1.6335e-13
5038.380203,1.54872e-13
5040.715950,1.51612e-13
5043.051697,1.49147e-13
5045.387444,1.47997e-13
5047.723190,1.49686e-13
5050.058937,1.55579e-13
5052.394684,1.59268e-13
5054.730431,1.57813e-13
5057.066177,1.58251e-13
5059.401924,1.58728e-13
5061.737671,1.59532e-13
5064.073418,1.55208e-13
5066.409164,1.49527e-13
5068.744911,1.49892e-13
5071.080658,1.53554e-13
5073.416405,1.547e-13
5075.752151,1.54627e-13
5078.087898,1.54976e-13
5080.423645,1.53948e-13
5082.759392,1.54714e-13
5085.095139,1.49114e-13
5087.430885,1.46549e-13
5089.766632,1.49854e-13
5092.102379,1.51893e-13
5094.438126,1.49858e-13
5096.773872,1.49902e-13
5099.109619,1.51133e-13
5101.445366,1.52464e-13
5103.781113,1.53825e-13
5106.116859,1.51401e-13
5108.452606,1.48905e-13
5110.788353,1.46351e-13
5113.124100,1.46618e-13
5115.459846,1.43554e-13
5117.795593,1.45526e-13
5120.131340,1.51397e-13
5122.467087,1.53272e-13
5124.802834,1.52348e-13
5127.138580,1.51652e-13
5129.474327,1.52144e-13
5131.810074,1.54976e-13
5134.145821,1.59058e-13
5136.481567,1.56959e-13
5138.817314,1.54079e-13
5141.153061,1.51736e-13
5143.488808,1.51741e-13
5145.824554,1.54485e-13
5148.160301,1.53678e-13
5150.496048,1.47443e-13
5152.831795,1.41299e-13
5155.167542,1.29891e-13
5157.503288,1.13635e-13
5159.839035,1.03926e-13
5162.174782,1.17425e-13
5164.510529,1.52932e-13
5166.846275,1.99408e-13
5169.182022,2.42917e-13
5171.517769,2.68699e-13
5173.853516,2.73256e-13
5176.189262,2.61832e-13
5178.525009,2.39468e-13
5180.860756,2.16664e-13
5183.196503,1.97026e-13
5185.532249,1.80637e-13
5187.867996,1.74685e-13
5190.203743,1.77241e-13
5192.539490,1.83574e-13
5194.875237,1.94317e-13
5197.210983,2.06258e-13
5199.546730,2.10832e-13
5201.882477,2.08588e-13
5204.218224,2.0222e-13
5206.553970,1.97658e-13
5208.889717,1.87602e-13
5211.225464,1.803e-13
5213.561211,1.73466e-13
5215.896957,1.64227e-13
5218.232704,1.54982e-13
5220.568451,1.47916e-13
5222.904198,1.42719e-13
5225.239944,1.42901e-13
5227.575691,1.51886e-13
5229.911438,1.71669e-13
5232.247185,1.91752e-13
5234.582932,2.05656e-13
5236.918678,2.12719e-13
5239.254425,2.13534e-13
5241.590172,2.12275e-13
5243.925919,2.08356e-13
5246.261665,2.00042e-13
5248.597412,1.91336e-13
5250.933159,1.83722e-13
5253.268906,1.78736e-13
5255.604652,1.76603e-13
5257.940399,1.73764e-13
5260.276146,1.70744e-13
5262.611893,1.6215e-13
5264.947639,1.55415e-13
5267.283386,1.5706e-13
5269.619133,1.65455e-13
5271.954880,1.82647e-13
5274.290627,2.00284e-13
5276.626373,2.12561e-13
5278.962120,2.23544e-13
5281.297867,2.28314e-13
5283.633614,2.23544e-13
5285.969360,2.17122e-13
5288.305107,2.11472e-13
5290.640854,2.05063e-13
5292.976601,1.94728e-13
5295.312347,1.82281e-13
5297.648094,1.77111e-13
5299.983841,1.68102e-13
5302.319588,1.58885e-13
5304.655334,1.51474e-13
5306.991081,1.51113e-13
5309.326828,1.61705e-13
5311.662575,1.86429e-13
5313.998322,2.11091e-13
5316.334068,2.22648e-13
5318.669815,2.26464e-13
5321.005562,2.22656e-13
5323.341309,2.18859e-13
5325.677055,2.21661e-13
5328.012802,2.22281e-13
5330.348549,2.17641e-13
5332.684296,2.12549e-13
5335.020042,2.06812e-13
5337.355789,2.02287e-13
5339.691536,2.02172e-13
5342.027283,2.02308e-13
5344.363029,1.97419e-13
5346.698776,1.8832e-13
5349.034523,1.83923e-13
5351.370270,1.76982e-13
5353.706017,1.73351e-13
5356.041763,1.76513e-13
5358.377510,1.85467e-13
5360.713257,1.94112e-13
5363.049004,1.9853e-13
5365.384750,1.99259e-13
5367.720497,1.98536e-13
5370.056244,1.97276e-13
5372.391991,1.94052e-13
5374.727737,1.93817e-13
5377.063484,1.94936e-13
5379.399231,1.95914e-13
5381.734978,1.93486e-13
5384.070724,1.8626e-13
5386.406471,1.80249e-13
5388.742218,1.80513e-13
5391.077965,1.81647e-13
5393.413712,1.8126e-13
5395.749458,1.83243e-13
5398.085205,1.84016e-13
5400.420952,1.83454e-13
5402.756699,1.84293e-13
5405.092445,1.84515e-13
5407.428192,1.84007e-13
5409.763939,1.85059e-13
5412.099686,1.84049e-13
5414.435432,1.79873e-13
5416.771179,1.79961e-13
5419.106926,1.83852e-13
5421.442673,1.86635e-13
5423.778419,1.82517e-13
5426.114166,1.78733e-13
5428.449913,1.82421e-13
5430.785660,1.89763e-13
5433.121407,1.93844e-13
5435.457153,1.94464e-13
5437.792900,1.94076e-13
5440.128647,1.92526e-13
5442.464394,1.90216e-13
5444.800140,1.8673e-13
5447.135887,1.85995e-13
5449.471634,1.85143e-13
5451.807381,1.86689e-13
5454.143127,1.8613e-13
5456.478874,1.83216e-13
5458.814621,1.83723e-13
5461.150368,1.8874e-13
5463.486115,1.9109e-13
5465.821861,1.88471e-13
5468.157608,1.83335e-13
5470.493355,1.88193e-13
5472.829102,1.93903e-13
5475.164848,1.99499e-13
5477.500595,1.98934e-13
5479.836342,1.96227e-13
5482.172089,1.96173e-13
5484.507835,1.97396e-13
5486.843582,1.9448e-13
5489.179329,1.89643e-13
5491.515076,1.88493e-13
5493.850822,1.9019e-13
5496.186569,1.89075e-13
5498.522316,1.93265e-13
5500.858063,1.9391e-13
5503.193810,1.95452e-13
5505.529556,1.98266e-13
5507.865303,1.98514e-13
5510.201050,1.9829e-13
5512.536797,1.95723e-13
5514.872543,1.93058e-13
5517.208290,1.96828e-13
5519.544037,1.90807e-13
5521.879784,1.88463e-13
5524.215530,1.90506e-13
5526.551277,1.96837e-13
5528.887024,2.07537e-13
5531.222771,2.17938e-13
5533.558517,2.22133e-13
5535.894264,2.19632e-13
5538.230011,2.14783e-13
5540.565758,2.12499e-13
5542.901505,2.11566e-13
5545.237251,2.04893e-13
5547.572998,2.00032e-13
5549.908745,2.0215e-13
5552.244492,2.06384e-13
5554.580238,2.06498e-13
5556.915985,2.05775e-13
5559.251732,2.06623e-13
5561.587479,2.08468e-13
5563.923225,2.11661e-13
5566.258972,2.12756e-13
5568.594719,2.1255e-13
5570.930466,2.17881e-13
5573.266212,2.19061e-13
5575.601959,2.14585e-13
5577.937706,2.08056e-13
5580.273453,2.07005e-13
5582.609200,2.14835e-13
5584.944946,2.20099e-13
5587.280693,2.19752e-13
5589.616440,2.16683e-13
5591.952187,2.11504e-13
5594.287933,2.06674e-13
5596.623680,2.06395e-13
5598.959427,2.12187e-13
5601.295174,2.11405e-13
5603.630920,2.08046e-13
5605.966667,2.07675e-13
5608.302414,2.06957e-13
5610.638161,2.03091e-13
5612.973907,2.03391e-13
5615.309654,2.07293e-13
5617.645401,2.06088e-13
5619.981148,2.06826e-13
5622.316895,2.11256e-13
5624.652641,2.11881e-13
5626.988388,2.11487e-13
5629.324135,2.10578e-13
5631.659882,2.0591e-13
5633.995628,2.04656e-13
5636.331375,2.07663e-13
5638.667122,2.09772e-13
5641.002869,2.13358e-13
5643.338615,2.16645e-13
5645.674362,2.14043e-13
5648.010109,2.08234e-13
5650.345856,2.05079e-13
5652.681602,2.0399e-13
5655.017349,2.05251e-13
5657.353096,2.03674e-13
5659.688843,2.08897e-13
5662.024590,2.08948e-13
5664.360336,2.03161e-13
5666.696083,2.03849e-13
5669.031830,2.04839e-13
5671.367577,2.02596e-13
5673.703323,2.00297e-13
5676.039070,2.00051e-13
5678.374817,2.04162e-13
5680.710564,2.03326e-13
5683.046310,2.05076e-13
5685.382057,2.06517e-13
5687.717804,2.06949e-13
5690.053551,2.10938e-13
5692.389297,2.15795e-13
5694.725044,2.18798e-13
5697.060791,2.17439e-13
5699.396538,2.11508e-13
5701.732285,2.07294e-13
5704.068031,2.04955e-13
5706.403778,2.08586e-13
5708.739525,2.17412e-13
5711.075272,2.16399e-13
5713.411018,2.13419e-13
5715.746765,2.1033e-13
5718.082512,2.17255e-13
5720.418259,2.20413e-13
5722.754005,2.19927e-13
5725.089752,2.2109e-13
5727.425499,2.19269e-13
5729.761246,2.16954e-13
5732.096992,2.1361e-13
5734.432739,2.13299e-13
5736.768486,2.14208e-13
5739.104233,2.11506e-13
5741.439980,2.16992e-13
5743.775726,2.21564e-13
5746.111473,2.22588e-13
5748.447220,2.24474e-13
5750.782967,2.26897e-13
5753.118713,2.29416e-13
5755.454460,2.32846e-13
5757.790207,2.31668e-13
5760.125954,2.26999e-13
5762.461700,2.26076e-13
5764.797447,2.18891e-13
5767.133194,2.19815e-13
5769.468941,2.18909e-13
5771.804688,2.16139e-13
5774.140434,2.16121e-13
5776.476181,2.17593e-13
5778.811928,2.12081e-13
5781.147675,2.05772e-13
5783.483421,2.03577e-13
5785.819168,2.05036e-13
5788.154915,2.1088e-13
5790.490662,2.19928e-13
5792.826408,2.22599e-13
5795.162155,2.22447e-13
5797.497902,2.22222e-13
5799.833649,2.14463e-13
5802.169395,2.16958e-13
5804.505142,2.22691e-13
5806.840889,2.21593e-13
5809.176636,2.26326e-13
5811.512383,2.26604e-13
5813.848129,2.2923e-13
5816.183876,2.33983e-13
5818.519623,2.28568e-13
5820.855370,2.26062e-13
5823.191116,2.351e-13
5825.526863,2.36445e-13
5827.862610,2.32338e-13
5830.198357,2.34316e-13
5832.534103,2.39307e-13
5834.869850,2.39477e-13
5837.205597,2.39038e-13
5839.541344,2.33616e-13
5841.877090,2.29759e-13
5844.212837,2.3767e-13
5846.548584,2.40225e-13
5848.884331,2.40399e-13
5851.220078,2.41429e-13
5853.555824,2.38128e-13
5855.891571,2.37704e-13
5858.227318,2.36356e-13
5860.563065,2.32416e-13
5862.898811,2.30165e-13
5865.234558,2.26915e-13
5867.570305,2.26923e-13
5869.906052,2.28856e-13
5872.241798,2.20738e-13
5874.577545,1.94496e-13
5876.913292,1.62154e-13
5879.249039,1.43869e-13
5881.584785,1.44045e-13
5883.920532,1.56689e-13
5886.256279,1.81789e-13
5888.592026,2.10952e-13
5890.927773,2.40867e-13
5893.263519,2.74301e-13
5895.599266,3.04165e-13
5897.935013,3.11426e-13
5900.270760,3.06414e-13
5902.606506,3.08028e-13
5904.942253,3.01821e-13
5907.278000,2.89859e-13
5909.613747,2.80477e-13
5911.949493,2.72142e-13
5914.285240,2.59349e-13
5916.620987,2.53249e-13
5918.956734,2.51034e-13
5921.292480,2.46615e-13
5923.628227,2.46013e-13
5925.963974,2.43323e-13
5928.299721,2.40934e-13
5930.635468,2.43669e-13
5932.971214,2.46777e-13
5935.306961,2.53958e-13
5937.642708,2.56494e-13
5939.978455,2.49729e-13
5942.314201,2.42184e-13
5944.649948,2.33745e-13
5946.985695,2.32389e-13
5949.321442,2.4389e-13
5951.657188,2.5026e-13
5953.992935,2.52371e-13
5956.328682,2.54075e-13
5958.664429,2.54469e-13
5961.000175,2.57215e-13
5963.335922,2.56422e-13
5965.671669,2.54085e-13
5968.007416,2.59178e-13
5970.343163,2.62538e-13
5972.678909,2.5995e-13
5975.014656,2.53755e-13
5977.350403,2.55133e-13
5979.686150,2.53334e-13
5982.021896,2.54434e-13
5984.357643,2.64371e-13
5986.693390,2.67061e-13
5989.029137,2.64995e-13
5991.364883,2.66851e-13
5993.700630,2.63786e-13
5996.036377,2.70435e-13
5998.372124,2.70906e-13
6000.707870,2.64768e-13
6003.043617,2.60156e-13
6005.379364,2.64695e-13
6007.715111,2.70878e-13
6010.050858,2.72831e-13
6012.386604,2.76321e-13
6014.722351,2.76954e-13
6017.058098,2.72896e-13
6019.393845,2.66866e-13
6021.729591,2.58877e-13
6024.065338,2.64761e-13
6026.401085,2.72409e-13
6028.736832,2.77384e-13
6031.072578,2.6898e-13
6033.408325,2.54825e-13
6035.744072,2.56374e-13
6038.079819,2.65828e-13
6040.415565,2.69189e-13
6042.751312,2.72951e-13
6045.087059,2.74109e-13
6047.422806,2.75739e-13
6049.758553,2.84012e-13
6052.094299,2.86504e-13
6054.430046,2.81817e-13
6056.765793,2.82196e-13
6059.101540,2.83551e-13
6061.437286,2.83175e-13
6063.773033,2.8251e-13
6066.108780,2.78997e-13
6068.444527,2.78409e-13
6070.780273,2.77364e-13
6073.116020,2.77662e-13
6075.451767,2.83791e-13
6077.787514,2.81838e-13
6080.123260,2.84673e-13
6082.459007,2.89138e-13
6084.794754,2.86269e-13
6087.130501,2.83949e-13
6089.466248,2.88443e-13
6091.801994,2.92072e-13
6094.137741,2.85303e-13
6096.473488,2.78031e-13
6098.809235,2.86479e-13
6101.144981,2.89658e-13
6103.480728,2.91365e-13
6105.816475,2.90722e-13
6108.152222,2.83209e-13
6110.487968,2.83295e-13
6112.823715,2.87288e-13
6115.159462,2.92315e-13
6117.495209,2.90116e-13
6119.830956,2.80469e-13
6122.166702,2.77125e-13
6124.502449,2.77239e-13
6126.838196,2.73143e-13
6129.173943,2.73372e-13
6131.509689,2.77199e-13
6133.845436,2.71722e-13
6136.181183,2.61489e-13
6138.516930,2.5294e-13
6140.852676,2.43497e-13
6143.188423,2.22143e-13
6145.524170,2.13091e-13
6147.859917,2.25897e-13
6150.195663,2.6078e-13
6152.531410,2.93561e-13
6154.867157,3.20643e-13
6157.202904,3.32613e-13
6159.538651,3.34208e-13
6161.874397,3.3468e-13
6164.210144,3.25175e-13
6166.545891,3.22258e-13
6168.881638,3.1912e-13
6171.217384,3.10551e-13
6173.553131,3.06586e-13
6175.888878,2.96033e-13
6178.224625,2.99635e-13
6180.560371,2.94481e-13
6182.896118,2.89999e-13
6185.231865,2.91342e-13
6187.567612,2.8882e-13
6189.903358,2.82255e-13
6192.239105,2.79967e-13
6194.574852,2.88641e-13
6196.910599,2.89391e-13
6199.246346,2.84226e-13
6201.582092,2.81393e-13
6203.917839,2.78e-13
6206.253586,2.75285e-13
6208.589333,2.74056e-13
6210.925079,2.74848e-13
6213.260826,2.77231e-13
6215.596573,2.76308e-13
6217.932320,2.78708e-13
6220.268066,2.79035e-13
6222.603813,2.78121e-13
6224.939560,2.71438e-13
6227.275307,2.66128e-13
6229.611053,2.78628e-13
6231.946800,2.8423e-13
6234.282547,2.77451e-13
6236.618294,2.82593e-13
6238.954041,3.02344e-13
6241.289787,3.19949e-13
6243.625534,3.37932e-13
6245.961281,3.3916e-13
6248.297028,3.3266e-13
6250.632774,3.34673e-13
6252.968521,3.40538e-13
6255.304268,3.29921e-13
6257.640015,3.17817e-13
6259.975761,3.14491e-13
6262.311508,3.07353e-13
6264.647255,3.06641e-13
6266.983002,3.08262e-13
6269.318748,2.95373e-13
6271.654495,2.89532e-13
6273.990242,2.85005e-13
6276.325989,2.75139e-13
6278.661736,2.69203e-13
6280.997482,2.66853e-13
6283.333229,2.61269e-13
6285.668976,2.55025e-13
6288.004723,2.54257e-13
6290.340469,2.72875e-13
6292.676216,2.95096e-13
6295.011963,3.28355e-13
6297.347710,3.62279e-13
6299.683456,3.79488e-13
6302.019203,3.8217e-13
6304.354950,3.79849e-13
6306.690697,3.77151e-13
6309.026443,3.63082e-13
6311.362190,3.38579e-13
6313.697937,3.17118e-13
6316.033684,3.08208e-13
6318.369431,3.05575e-13
6320.705177,2.95259e-13
6323.040924,2.92855e-13
6325.376671,2.95075e-13
6327.712418,2.88314e-13
6330.048164,2.82892e-13
6332.383911,2.48684e-13
6334.719658,2.2103e-13
6337.055405,2.27663e-13
6339.391151,2.48968e-13
6341.726898,2.90639e-13
6344.062645,3.14476e-13
6346.398392,3.19791e-13
6348.734138,3.1962e-13
6351.069885,3.20425e-13
6353.405632,3.18275e-13
6355.741379,2.9719e-13
6358.077126,2.82194e-13
6360.412872,2.89089e-13
6362.748619,3.02076e-13
6365.084366,3.22658e-13
6367.420113,3.37281e-13
6369.755859,3.48083e-13
6372.091606,3.51965e-13
6374.427353,3.45672e-13
6376.763100,3.46575e-13
6379.098846,3.37574e-13
6381.434593,3.33302e-13
6383.770340,3.28145e-13
6386.106087,3.22153e-13
6388.441833,3.12477e-13
6390.777580,3.13171e-13
6393.113327,3.15978e-13
6395.449074,3.11074e-13
6397.784821,3.19109e-13
6400.120567,3.11969e-13
6402.456314,3.1368e-13
6404.792061,3.13071e-13
6407.127808,3.18217e-13
6409.463554,3.27475e-13
6411.799301,3.32621e-13
6414.135048,3.25292e-13
6416.470795,3.23967e-13
6418.806541,3.2087e-13
6421.142288,3.18005e-13
6423.478035,3.16733e-13
6425.813782,3.12769e-13
6428.149529,3.15471e-13
6430.485275,3.15231e-13
6432.821022,3.22144e-13
6435.156769,3.11577e-13
6437.492516,2.88109e-13
6439.828262,2.64743e-13
6442.164009,2.43729e-13
6444.499756,2.51253e-13
6446.835503,2.91692e-13
6449.171249,3.24587e-13
6451.506996,3.50053e-13
6453.842743,3.66865e-13
6456.178490,3.73351e-13
6458.514236,3.69399e-13
6460.849983,3.71807e-13
6463.185730,3.69752e-13
6465.521477,3.60539e-13
6467.857224,3.43754e-13
6470.192970,3.14016e-13
6472.528717,3.09333e-13
6474.864464,3.10317e-13
6477.200211,3.09313e-13
6479.535957,3.22962e-13
6481.871704,3.43749e-13
6484.207451,3.56372e-13
6486.543198,3.47716e-13
6488.878944,3.53552e-13
6491.214691,3.55213e-13
6493.550438,3.54975e-13
6495.886185,3.4063e-13
6498.221931,3.33019e-13
6500.557678,3.29076e-13
6502.893425,3.29324e-13
6505.229172,3.24238e-13
6507.564919,3.31815e-13
6509.900665,3.50618e-13
6512.236412,3.47931e-13
6514.572159,3.43753e-13
6516.907906,3.41192e-13
6519.243652,3.41359e-13
6521.579399,3.48752e-13
6523.915146,3.4347e-13
6526.250893,3.45454e-13
6528.586639,3.45644e-13
6530.922386,3.58048e-13
6533.258133,3.56679e-13
6535.593880,3.54251e-13
6537.929626,3.43541e-13
6540.265373,3.37247e-13
6542.601120,3.03887e-13
6544.936867,2.61951e-13
6547.272614,2.35149e-13
6549.608360,2.62309e-13
6551.944107,4.03623e-13
6554.279854,6.49645e-13
6556.615601,1.03737e-12
6558.951347,1.5985e-12
6561.287094,2.08737e-12
6563.622841,2.37253e-12
6565.958588,2.3917e-12
6568.294334,2.27942e-12
6570.630081,2.10279e-12
6572.965828,1.82742e-12
6575.301575,1.50633e-12
6577.637321,1.19355e-12
6579.973068,9.06554e-13
6582.308815,6.93281e-13
6584.644562,5.71391e-13
6586.980309,5.13888e-13
6589.316055,4.7518e-13
6591.651802,4.47554e-13
6593.987549,4.28236e-13
6596.323296,4.2739e-13
6598.659042,4.04508e-13
6600.994789,3.99981e-13
6603.330536,3.89494e-13
6605.666283,3.78303e-13
6608.002029,3.77442e-13
6610.337776,3.6533e-13
6612.673523,3.663e-13
6615.009270,3.63624e-13
6617.345016,3.64406e-13
6619.680763,3.50883e-13
6622.016510,3.35224e-13
6624.352257,3.40672e-13
6626.688004,3.51903e-13
6629.023750,3.26455e-13
6631.359497,3.26203e-13
6633.695244,3.26979e-13
6636.030991,3.35855e-13
6638.366737,3.3735e-13
6640.702484,3.23994e-13
6643.038231,3.29199e-13
6645.373978,3.3324e-13
6647.709724,3.36705e-13
6650.045471,3.32522e-13
6652.381218,3.27312e-13
6654.716965,3.33476e-13
6657.052711,3.29989e-13
6659.388458,3.35065e-13
6661.724205,3.26637e-13
6664.059952,3.19827e-13
6666.395699,3.25152e-13
6668.731445,3.24221e-13
6671.067192,3.28129e-13
6673.402939,3.31645e-13
6675.738686,3.23021e-13
6678.074432,3.24801e-13
6680.410179,3.35718e-13
6682.745926,3.40112e-13
6685.081673,3.41655e-13
6687.417419,3.3745e-13
6689.753166,3.42999e-13
6692.088913,3.35069e-13
6694.424660,3.37979e-13
6696.760406,3.40785e-13
6699.096153,3.4054e-13
6701.431900,3.28407e-13
6703.767647,3.28256e-13
6706.103394,3.25005e-13
6708.439140,3.15244e-13
6710.774887,3.21811e-13
6713.110634,3.16385e-13
6715.446381,3.21285e-13
6717.782127,3.30493e-13
6720.117874,3.27684e-13
6722.453621,3.3287e-13
6724.789368,3.30468e-13
6727.125114,3.42754e-13
6729.460861,3.36729e-13
6731.796608,3.22504e-13
6734.132355,3.24474e-13
6736.468102,3.28163e-13
6738.803848,3.26013e-13
6741.139595,3.26458e-13
6743.475342,3.38592e-13
6745.811089,3.27242e-13
6748.146835,3.23586e-13
6750.482582,3.25092e-13
6752.818329,3.19719e-13
6755.154076,3.26645e-13
6757.489822,3.25094e-13
6759.825569,3.29336e-13
6762.161316,3.20413e-13
6764.497063,3.08281e-13
6766.832809,3.14739e-13
6769.168556,3.17179e-13
6771.504303,3.0931e-13
6773.840050,3.14289e-13
6776.175797,3.28836e-13
6778.511543,3.29439e-13
6780.847290,3.41949e-13
6783.183037,3.37334e-13
6785.518784,3.32893e-13
6787.854530,3.32125e-13
6790.190277,3.39013e-13
6792.526024,3.3129e-13
6794.861771,3.23159e-13
6797.197517,3.25911e-13
6799.533264,3.29409e-13
6801.869011,3.13994e-13
6804.204758,3.02205e-13
6806.540504,3.0447e-13
6808.876251,3.12662e-13
6811.211998,3.18597e-13
6813.547745,2.98147e-13
6815.883492,2.93603e-13
6818.219238,2.87344e-13
6820.554985,3.13344e-13
6822.890732,3.10489e-13
6825.226479,3.21011e-13
6827.562225,3.31485e-13
6829.897972,3.17037e-13
6832.233719,3.15824e-13
6834.569466,3.51959e-13
6836.905212,3.41524e-13
6839.240959,3.43326e-13
6841.576706,3.46552e-13
6843.912453,3.44483e-13
6846.248199,3.44242e-13
6848.583946,3.41297e-13
6850.919693,3.48079e-13
6853.255440,3.54058e-13
6855.591187,3.64414e-13
6857.926933,3.73201e-13
6860.262680,3.59177e-13
6862.598427,3.63745e-13
6864.934174,3.91131e-13
6867.269920,3.72644e-13
6869.605667,3.31956e-13
6871.941414,3.01751e-13
6874.277161,2.82265e-13
6876.612907,2.9223e-13
6878.948654,3.02825e-13
6881.284401,3.25145e-13
6883.620148,3.31977e-13
6885.955894,3.64074e-13
6888.291641,3.85655e-13
6890.627388,4.03309e-13
6892.963135,3.90277e-13
6895.298882,3.65531e-13
6897.634628,3.66981e-13
6899.970375,3.67707e-13
6902.306122,3.84203e-13
6904.641869,3.94021e-13
6906.977615,3.99196e-13
6909.313362,4.03251e-13
6911.649109,3.98046e-13
6913.984856,3.79776e-13
6916.320602,3.55088e-13
6918.656349,3.4768e-13
6920.992096,3.76294e-13
6923.327843,4.34369e-13
6925.663589,4.56465e-13
6927.999336,4.10021e-13