3600.000000,-1.96365e-21
3602.500000,-1.96365e-21
3605.000000,-1.96365e-21
3607.500000,-1.96365e-21
3610.000000,-1.96365e-21
3612.500000,-1.96365e-21
3615.000000,-1.96365e-21
3617.500000,-1.96365e-21
3620.000000,-1.96365e-21
3622.500000,-1.96365e-21
3625.000000,-1.96365e-21
3627.500000,-1.96365e-21
3630.000000,-1.96365e-21
3632.500000,-1.96365e-21
3635.000000,-1.96365e-21
3637.500000,-1.96365e-21
3640.000000,-1.96365e-21
3642.500000,-1.96365e-21
3645.000000,-1.96365e-21
3647.500000,-1.96365e-21
3650.000000,-1.96365e-21
3652.500000,-1.96365e-21
3655.000000,-1.96365e-21
3657.500000,-1.96365e-21
3660.000000,-1.96365e-21
3662.500000,2.09976e-14
3665.000000,2.2799e-14
3667.500000,2.74778e-14
3670.000000,2.75266e-14
3672.500000,2.60021e-14
3675.000000,2.44225e-14
3677.500000,2.53043e-14
3680.000000,2.88394e-14
3682.500000,2.31617e-14
3685.000000,2.78544e-14
3687.500000,2.55447e-14
3690.000000,2.60651e-14
3692.500000,2.72758e-14
3695.000000,3.10739e-14
3697.500000,3.42247e-14
3700.000000,3.35532e-14
3702.500000,2.94145e-14
3705.000000,3.1612e-14
3707.500000,2.95238e-14
3710.000000,3.18427e-14
3712.500000,3.16014e-14
3715.000000,3.37282e-14
3717.500000,3.46951e-14
3720.000000,3.44938e-14
3722.500000,3.44194e-14
3725.000000,3.32951e-14
3727.500000,3.19158e-14
3730.000000,2.99493e-14
3732.500000,3.36907e-14
3735.000000,3.59761e-14
3737.500000,3.46179e-14
3740.000000,3.59364e-14
3742.500000,3.10271e-14
3745.000000,3.13319e-14
3747.500000,3.11675e-14
3750.000000,3.32099e-14
3752.500000,3.12317e-14
3755.000000,3.12566e-14
3757.500000,3.15221e-14
3760.000000,2.92075e-14
3762.500000,3.3206e-14
3765.000000,3.15076e-14
3767.500000,3.29465e-14
3770.000000,3.25573e-14
3772.500000,3.20831e-14
3775.000000,3.19163e-14
3777.500000,3.07939e-14
3780.000000,2.95722e-14
3782.500000,3.01648e-14
3785.000000,3.04512e-14
3787.500000,3.02487e-14
3790.000000,3.09008e-14
3792.500000,2.89334e-14
3795.000000,3.35573e-14
3797.500000,3.22353e-14
3800.000000,3.70081e-14
3802.500000,3.52645e-14
3805.000000,3.75423e-14
3807.500000,3.78647e-14
3810.000000,3.49837e-14
3812.500000,3.46965e-14
3815.000000,3.3977e-14
3817.500000,3.38396e-14
3820.000000,3.3787e-14
3822.500000,3.49828e-14
3825.000000,3.14067e-14
3827.500000,3.32146e-14
3830.000000,3.38988e-14
3832.500000,3.45267e-14
3835.000000,3.27335e-14
3837.500000,3.33756e-14
3840.000000,3.17079e-14
3842.500000,3.20235e-14
3845.000000,3.27727e-14
3847.500000,3.36143e-14
3850.000000,3.33851e-14
3852.500000,3.23456e-14
3855.000000,3.02889e-14
3857.500000,3.12657e-14
3860.000000,3.14983e-14
3862.500000,2.674e-14
3865.000000,3.03413e-14
3867.500000,3.00766e-14
3870.000000,3.1555e-14
3872.500000,2.96058e-14
3875.000000,3.19615e-14
3877.500000,2.95602e-14
3880.000000,3.07032e-14
3882.500000,3.10715e-14
3885.000000,2.90561e-14
3887.500000,3.29627e-14
3890.000000,3.16827e-14
3892.500000,3.05036e-14
3895.000000,3.01184e-14
3897.500000,2.87864e-14
3900.000000,2.94499e-14
3902.500000,3.02947e-14
3905.000000,3.0358e-14
3907.500000,2.84044e-14
3910.000000,2.80791e-14
3912.500000,2.94265e-14
3915.000000,3.15459e-14
3917.500000,2.8429e-14
3920.000000,2.90691e-14
3922.500000,2.75802e-14
3925.000000,2.76221e-14
3927.500000,2.7168e-14
3930.000000,2.92126e-14
3932.500000,2.61987e-14
3935.000000,2.6687e-14
3937.500000,2.87625e-14
3940.000000,3.00899e-14
3942.500000,2.95837e-14
3945.000000,2.96552e-14
3947.500000,2.90397e-14
3950.000000,2.95095e-14
3952.500000,2.97891e-14
3955.000000,2.96841e-14
3957.500000,2.93876e-14
3960.000000,2.97449e-14
3962.500000,2.95047e-14
3965.000000,3.0724e-14
3967.500000,3.05861e-14
3970.000000,3.06459e-14
3972.500000,3.10359e-14
3975.000000,2.92886e-14
3977.500000,2.68031e-14
3980.000000,2.84497e-14
3982.500000,2.77621e-14
3985.000000,2.81716e-14
3987.500000,2.6931e-14
3990.000000,2.66429e-14
3992.500000,2.66558e-14
3995.000000,2.5958e-14
3997.500000,2.81191e-14
4000.000000,2.79435e-14
4002.500000,2.65097e-14
4005.000000,2.73847e-14
4007.500000,2.84669e-14
4010.000000,2.62789e-14
4012.500000,2.61736e-14
4015.000000,2.75026e-14
4017.500000,2.99635e-14
4020.000000,2.95716e-14
4022.500000,2.74076e-14
4025.000000,2.74611e-14
4027.500000,2.75094e-14
4030.000000,2.57127e-14
4032.500000,2.58593e-14
4035.000000,2.80382e-14
4037.500000,2.7269e-14
4040.000000,2.79468e-14
4042.500000,2.69642e-14
4045.000000,2.63965e-14
4047.500000,2.75738e-14
4050.000000,2.76975e-14
4052.500000,2.7331e-14
4055.000000,2.72855e-14
4057.500000,2.83961e-14
4060.000000,3.03028e-14
4062.500000,3.05602e-14
4065.000000,2.90045e-14
4067.500000,3.04454e-14
4070.000000,3.07734e-14
4072.500000,3.01517e-14
4075.000000,3.20703e-14
4077.500000,3.13374e-14
4080.000000,3.16251e-14
4082.500000,3.21909e-14
4085.000000,3.21705e-14
4087.500000,3.2977e-14
4090.000000,3.50332e-14
4092.500000,3.44054e-14
4095.000000,3.56518e-14
4097.500000,3.43803e-14
4100.000000,3.44133e-14
4102.500000,3.38913e-14
4105.000000,3.40738e-14
4107.500000,3.26352e-14
4110.000000,3.13155e-14
4112.500000,3.07311e-14
4115.000000,2.97674e-14
4117.500000,2.92616e-14
4120.000000,2.88298e-14
4122.500000,2.98744e-14
4125.000000,2.79849e-14
4127.500000,2.79222e-14
4130.000000,2.76243e-14
4132.500000,2.7606e-14
4135.000000,2.91309e-14
4137.500000,2.72348e-14
4140.000000,2.53345e-14
4142.500000,2.55782e-14
4145.000000,2.49256e-14
4147.500000,2.5829e-14
4150.000000,2.66993e-14
4152.500000,2.70579e-14
4155.000000,2.66657e-14
4157.500000,2.58924e-14
4160.000000,2.63903e-14
4162.500000,2.70416e-14
4165.000000,2.72699e-14
4167.500000,2.74106e-14
4170.000000,2.81377e-14
4172.500000,2.65606e-14
4175.000000,2.57102e-14
4177.500000,2.69867e-14
4180.000000,2.77308e-14
4182.500000,2.61947e-14
4185.000000,2.67721e-14
4187.500000,2.77916e-14
4190.000000,2.93224e-14
4192.500000,2.92133e-14
4195.000000,2.86729e-14
4197.500000,2.75284e-14
4200.000000,2.73889e-14
4202.500000,2.7775e-14
4205.000000,2.67457e-14
4207.500000,2.72035e-14
4210.000000,2.80517e-14
4212.500000,2.78837e-14
4215.000000,2.70917e-14
4217.500000,2.64525e-14
4220.000000,2.61855e-14
4222.500000,2.65712e-14
4225.000000,2.6645e-14
4227.500000,2.65522e-14
4230.000000,2.49625e-14
4232.500000,2.52545e-14
4235.000000,2.58864e-14
4237.500000,2.54919e-14
4240.000000,2.60236e-14
4242.500000,2.36767e-14
4245.000000,2.51092e-14
4247.500000,2.63288e-14
4250.000000,2.39869e-14
4252.500000,2.39996e-14
4255.000000,2.54587e-14
4257.500000,2.48555e-14
4260.000000,2.52456e-14
4262.500000,2.41492e-14
4265.000000,2.51648e-14
4267.500000,2.56461e-14
4270.000000,2.59216e-14
4272.500000,2.54248e-14
4275.000000,2.4159e-14
4277.500000,2.40617e-14
4280.000000,2.40642e-14
4282.500000,2.41237e-14
4285.000000,2.47412e-14
4287.500000,2.41396e-14
4290.000000,2.42062e-14
4292.500000,2.35929e-14
4295.000000,2.60656e-14
4297.500000,2.58237e-14
4300.000000,2.51992e-14
4302.500000,2.79578e-14
4305.000000,2.62927e-14
4307.500000,2.69475e-14
4310.000000,2.81365e-14
4312.500000,2.9215e-14
4315.000000,2.94888e-14
4317.500000,3.04401e-14
4320.000000,3.0325e-14
4322.500000,3.13474e-14
4325.000000,3.30032e-14
4327.500000,3.42595e-14
4330.000000,3.50253e-14
4332.500000,3.65761e-14
4335.000000,3.76065e-14
4337.500000,3.80203e-14
4340.000000,3.70647e-14
4342.500000,3.61932e-14
4345.000000,3.44146e-14
4347.500000,3.57317e-14
4350.000000,3.35549e-14
4352.500000,3.07596e-14
4355.000000,3.13051e-14
4357.500000,3.18856e-14
4360.000000,3.06143e-14
4362.500000,3.05142e-14
4365.000000,3.07968e-14
4367.500000,3.1258e-14
4370.000000,3.07328e-14
4372.500000,3.02666e-14
4375.000000,3.01753e-14
4377.500000,3.10828e-14
4380.000000,2.88339e-14
4382.500000,2.7932e-14
4385.000000,2.90734e-14
4387.500000,2.91772e-14
4390.000000,2.91344e-14
4392.500000,2.75649e-14
4395.000000,2.85878e-14
4397.500000,2.80512e-14
4400.000000,2.73139e-14
4402.500000,2.79881e-14
4405.000000,2.69209e-14
4407.500000,2.81818e-14
4410.000000,2.70741e-14
4412.500000,2.8644e-14
4415.000000,2.8298e-14
4417.500000,2.56088e-14
4420.000000,2.74985e-14
4422.500000,2.68347e-14
4425.000000,2.61643e-14
4427.500000,2.64894e-14
4430.000000,2.66709e-14
4432.500000,2.64485e-14
4435.000000,2.58919e-14
4437.500000,2.60654e-14
4440.000000,2.6214e-14
4442.500000,2.64798e-14
4445.000000,2.66692e-14
4447.500000,2.60164e-14
4450.000000,2.57803e-14
4452.500000,2.58403e-14
4455.000000,2.66231e-14
4457.500000,2.72121e-14
4460.000000,2.61841e-14
4462.500000,2.66406e-14
4465.000000,2.76378e-14
4467.500000,2.70182e-14
4470.000000,2.66876e-14
4472.500000,2.61229e-14
4475.000000,2.68379e-14
4477.500000,2.89445e-14
4480.000000,2.84252e-14
4482.500000,2.7132e-14
4485.000000,2.75549e-14
4487.500000,2.77172e-14
4490.000000,2.94897e-14
4492.500000,3.03715e-14
4495.000000,2.97188e-14
4497.500000,2.9607e-14
4500.000000,2.95386e-14
4502.500000,2.8942e-14
4505.000000,2.98555e-14
4507.500000,3.08171e-14
4510.000000,3.11361e-14
4512.500000,2.97641e-14
4515.000000,2.94401e-14
4517.500000,3.04586e-14
4520.000000,3.00665e-14
4522.500000,3.00863e-14
4525.000000,2.90362e-14
4527.500000,2.94394e-14
4530.000000,2.89853e-14
4532.500000,2.89993e-14
4535.000000,2.97316e-14
4537.500000,2.88177e-14
4540.000000,3.08552e-14
4542.500000,3.06795e-14
4545.000000,3.01936e-14
4547.500000,2.99882e-14
4550.000000,2.92335e-14
4552.500000,2.95786e-14
4555.000000,2.99855e-14
4557.500000,2.88337e-14
4560.000000,2.90195e-14
4562.500000,2.98084e-14
4565.000000,3.09189e-14
4567.500000,3.06756e-14
4570.000000,2.90959e-14
4572.500000,2.99436e-14
4575.000000,2.97284e-14
4577.500000,2.96033e-14
4580.000000,3.06386e-14
4582.500000,3.01476e-14
4585.000000,3.04471e-14
4587.500000,3.13319e-14
4590.000000,3.16981e-14
4592.500000,3.34048e-14
4595.000000,3.32479e-14
4597.500000,3.64369e-14
4600.000000,3.73896e-14
4602.500000,3.93003e-14
4605.000000,4.01623e-14
4607.500000,3.94149e-14
4610.000000,3.83047e-14
4612.500000,3.84344e-14
4615.000000,3.62876e-14
4617.500000,3.83419e-14
4620.000000,3.83317e-14
4622.500000,3.63327e-14
4625.000000,3.56878e-14
4627.500000,3.63426e-14
4630.000000,3.88022e-14
4632.500000,3.98087e-14
4635.000000,3.93475e-14
4637.500000,3.8316e-14
4640.000000,3.5222e-14
4642.500000,3.55216e-14
4645.000000,3.81716e-14
4647.500000,3.84873e-14
4650.000000,3.87593e-14
4652.500000,3.82493e-14
4655.000000,3.7915e-14
4657.500000,3.80107e-14
4660.000000,3.81472e-14
4662.500000,4.19642e-14
4665.000000,4.46265e-14
4667.500000,4.68827e-14
4670.000000,5.0815e-14
4672.500000,5.67493e-14
4675.000000,6.24617e-14
4677.500000,6.63921e-14
4680.000000,6.95912e-14
4682.500000,6.90923e-14
4685.000000,6.10545e-14
4687.500000,5.64023e-14
4690.000000,5.27357e-14
4692.500000,4.68774e-14
4695.000000,4.13954e-14
4697.500000,3.62859e-14
4700.000000,3.34884e-14
4702.500000,3.29851e-14
4705.000000,3.22915e-14
4707.500000,3.00704e-14
4710.000000,2.86635e-14
4712.500000,2.89327e-14
4715.000000,3.0391e-14
4717.500000,3.12213e-14
4720.000000,3.05236e-14
4722.500000,2.91356e-14
4725.000000,2.83865e-14
4727.500000,2.89503e-14
4730.000000,2.89078e-14
4732.500000,2.80556e-14
4735.000000,2.73425e-14
4737.500000,2.64011e-14
4740.000000,2.65039e-14
4742.500000,2.50906e-14
4745.000000,2.56509e-14
4747.500000,2.55254e-14
4750.000000,2.48457e-14
4752.500000,2.37578e-14
4755.000000,2.38555e-14
4757.500000,2.45298e-14
4760.000000,2.46888e-14
4762.500000,2.62178e-14
4765.000000,2.54896e-14
4767.500000,2.51655e-14
4770.000000,2.38823e-14
4772.500000,2.45951e-14
4775.000000,2.56674e-14
4777.500000,2.59725e-14
4780.000000,2.48796e-14
4782.500000,2.37317e-14
4785.000000,2.37567e-14
4787.500000,2.40593e-14
4790.000000,2.3946e-14
4792.500000,2.37226e-14
4795.000000,2.38292e-14
4797.500000,2.41137e-14
4800.000000,2.51953e-14
4802.500000,2.54116e-14
4805.000000,2.44519e-14
4807.500000,2.49077e-14
4810.000000,2.42236e-14
4812.500000,2.51126e-14
4815.000000,2.42752e-14
4817.500000,2.5713e-14
4820.000000,2.7095e-14
4822.500000,2.82396e-14
4825.000000,2.84546e-14
4827.500000,2.80939e-14
4830.000000,2.8652e-14
4832.500000,3.06272e-14
4835.000000,3.09479e-14
4837.500000,3.08685e-14
4840.000000,3.32721e-14
4842.500000,3.49354e-14
4845.000000,3.52874e-14
4847.500000,3.65275e-14
4850.000000,3.7621e-14
4852.500000,4.00004e-14
4855.000000,4.14387e-14
4857.500000,4.36107e-14
4860.000000,4.64858e-14
4862.500000,4.48586e-14
4865.000000,4.04665e-14
4867.500000,3.89076e-14
4870.000000,3.60436e-14
4872.500000,3.15385e-14
4875.000000,3.04945e-14
4877.500000,2.93313e-14
4880.000000,2.90196e-14
4882.500000,2.96356e-14
4885.000000,2.76577e-14
4887.500000,2.64143e-14
4890.000000,2.75254e-14
4892.500000,2.81527e-14
4895.000000,2.77036e-14
4897.500000,2.67246e-14
4900.000000,2.8038e-14
4902.500000,2.76978e-14
4905.000000,2.77234e-14
4907.500000,2.63662e-14
4910.000000,2.72799e-14
4912.500000,2.63161e-14
4915.000000,2.6351e-14
4917.500000,2.83343e-14
4920.000000,2.70125e-14
4922.500000,2.73439e-14
4925.000000,2.87972e-14
4927.500000,2.88084e-14
4930.000000,2.86753e-14
4932.500000,2.83044e-14
4935.000000,2.74246e-14
4937.500000,2.73813e-14
4940.000000,2.83492e-14
4942.500000,2.89693e-14
4945.000000,2.77879e-14
4947.500000,2.6611e-14
4950.000000,2.60727e-14
4952.500000,2.59465e-14
4955.000000,2.5426e-14
4957.500000,2.67605e-14
4960.000000,2.67062e-14
4962.500000,2.66356e-14
4965.000000,2.68612e-14
4967.500000,2.66724e-14
4970.000000,2.74178e-14
4972.500000,2.76884e-14
4975.000000,2.65444e-14
4977.500000,2.51574e-14
4980.000000,2.50871e-14
4982.500000,2.64647e-14
4985.000000,2.62066e-14
4987.500000,2.54655e-14
4990.000000,2.50417e-14
4992.500000,2.67302e-14
4995.000000,2.52283e-14
4997.500000,2.64903e-14
5000.000000,2.46567e-14
5002.500000,2.39104e-14
5005.000000,2.35924e-14
5007.500000,2.34636e-14
5010.000000,2.3603e-14
5012.500000,2.26806e-14
5015.000000,2.23554e-14
5017.500000,2.31737e-14
5020.000000,2.35924e-14
5022.500000,2.36554e-14
5025.000000,2.28981e-14
5027.500000,2.32275e-14
5030.000000,2.40524e-14
5032.500000,2.55816e-14
5035.000000,2.44353e-14
5037.500000,2.4046e-14
5040.000000,2.42925e-14
5042.500000,2.44027e-14
5045.000000,2.41779e-14
5047.500000,2.44803e-14
5050.000000,2.5003e-14
5052.500000,2.41043e-14
5055.000000,2.33108e-14
5057.500000,2.3985e-14
5060.000000,2.45668e-14
5062.500000,2.45376e-14
5065.000000,2.34228e-14
5067.500000,2.27952e-14
5070.000000,2.1677e-14
5072.500000,2.25859e-14
5075.000000,2.1813e-14
5077.500000,2.32631e-14
5080.000000,2.22673e-14
5082.500000,2.21592e-14
5085.000000,2.27526e-14
5087.500000,2.34154e-14
5090.000000,2.33494e-14
5092.500000,2.30238e-14
5095.000000,2.39439e-14
5097.500000,2.44715e-14
5100.000000,2.44085e-14
5102.500000,2.52538e-14
5105.000000,2.54156e-14
5107.500000,2.64442e-14
5110.000000,2.6569e-14
5112.500000,2.5762e-14
5115.000000,2.58252e-14
5117.500000,2.61169e-14
5120.000000,2.47541e-14
5122.500000,2.46068e-14
5125.000000,2.4993e-14
5127.500000,2.49594e-14
5130.000000,2.47041e-14
5132.500000,2.3902e-14
5135.000000,2.38075e-14
5137.500000,2.32154e-14
5140.000000,2.218e-14
5142.500000,2.44321e-14
5145.000000,2.43322e-14
5147.500000,2.34883e-14
5150.000000,2.26696e-14
5152.500000,2.46335e-14
5155.000000,2.59746e-14
5157.500000,2.55053e-14
5160.000000,2.54098e-14
5162.500000,2.6008e-14
5165.000000,2.51285e-14
5167.500000,2.42193e-14
5170.000000,2.4613e-14
5172.500000,2.33963e-14
5175.000000,2.33133e-14
5177.500000,2.37701e-14
5180.000000,2.49056e-14
5182.500000,2.37581e-14
5185.000000,2.60104e-14
5187.500000,2.6089e-14
5190.000000,2.56148e-14
5192.500000,2.63539e-14
5195.000000,2.59226e-14
5197.500000,2.47086e-14
5200.000000,2.41816e-14
5202.500000,2.34985e-14
5205.000000,2.38273e-14
5207.500000,2.47638e-14
5210.000000,2.25236e-14
5212.500000,2.4047e-14
5215.000000,2.35676e-14
5217.500000,2.44365e-14
5220.000000,2.39496e-14
5222.500000,2.35032e-14
5225.000000,2.45259e-14
5227.500000,2.42412e-14
5230.000000,2.49161e-14
5232.500000,2.677e-14
5235.000000,2.74302e-14
5237.500000,2.67566e-14
5240.000000,2.55918e-14
5242.500000,2.59201e-14
5245.000000,2.55885e-14
5247.500000,2.33888e-14
5250.000000,2.57896e-14
5252.500000,2.42851e-14
5255.000000,2.60492e-14
5257.500000,2.37703e-14
5260.000000,2.23844e-14
5262.500000,2.38272e-14
5265.000000,2.56337e-14
5267.500000,2.48755e-14
5270.000000,2.27498e-14
5272.500000,2.36421e-14
5275.000000,2.53212e-14
5277.500000,2.40207e-14
5280.000000,2.33315e-14
5282.500000,2.48019e-14
5285.000000,2.72848e-14
5287.500000,2.67712e-14
5290.000000,2.63594e-14
5292.500000,2.75336e-14
5295.000000,2.72014e-14
5297.500000,2.56157e-14
5300.000000,2.5717e-14
5302.500000,2.55307e-14
5305.000000,2.52268e-14
5307.500000,2.60574e-14
5310.000000,2.51262e-14
5312.500000,2.6534e-14
5315.000000,2.58263e-14
5317.500000,2.60958e-14
5320.000000,2.45911e-14
5322.500000,2.49971e-14
5325.000000,2.4514e-14
5327.500000,2.39655e-14
5330.000000,2.41398e-14
5332.500000,2.35603e-14
5335.000000,2.2555e-14
5337.500000,2.15846e-14
5340.000000,2.14038e-14
5342.500000,2.28589e-14
5345.000000,2.3819e-14
5347.500000,2.55347e-14
5350.000000,2.50651e-14
5352.500000,2.28401e-14
5355.000000,2.34451e-14
5357.500000,2.32924e-14
5360.000000,2.3397e-14
5362.500000,2.38711e-14
5365.000000,2.33601e-14
5367.500000,2.32126e-14
5370.000000,2.30786e-14
5372.500000,2.23883e-14
5375.000000,2.33845e-14
5377.500000,2.48562e-14
5380.000000,2.44159e-14
5382.500000,2.35322e-14
5385.000000,2.19041e-14
5387.500000,2.16811e-14
5390.000000,2.34208e-14
5392.500000,2.3791e-14
5395.000000,2.22772e-14
5397.500000,2.34009e-14
5400.000000,2.43513e-14
5402.500000,2.46172e-14
5405.000000,2.58129e-14
5407.500000,2.59927e-14
5410.000000,2.72122e-14
5412.500000,2.88298e-14
5415.000000,2.62496e-14
5417.500000,2.65371e-14
5420.000000,2.52315e-14
5422.500000,2.5021e-14
5425.000000,2.44559e-14
5427.500000,2.47133e-14
5430.000000,2.4253e-14
5432.500000,2.34814e-14
5435.000000,2.26129e-14
5437.500000,2.41322e-14
5440.000000,2.58031e-14
5442.500000,2.365e-14
5445.000000,2.42613e-14
5447.500000,2.56207e-14
5450.000000,2.39188e-14
5452.500000,2.29013e-14
5455.000000,2.19251e-14
5457.500000,2.27886e-14
5460.000000,2.34529e-14
5462.500000,2.19108e-14
5465.000000,2.22948e-14
5467.500000,2.29747e-14
5470.000000,2.30139e-14
5472.500000,2.42295e-14
5475.000000,2.43945e-14
5477.500000,2.36387e-14
5480.000000,2.36355e-14
5482.500000,2.17657e-14
5485.000000,2.35232e-14
5487.500000,2.22823e-14
5490.000000,2.29085e-14
5492.500000,2.29848e-14
5495.000000,2.3464e-14
5497.500000,2.40012e-14
5500.000000,2.36442e-14
5502.500000,2.23595e-14
5505.000000,2.1394e-14
5507.500000,2.21953e-14
5510.000000,2.31576e-14
5512.500000,2.20552e-14
5515.000000,2.12852e-14
5517.500000,2.18962e-14
5520.000000,2.23128e-14
5522.500000,2.35166e-14
5525.000000,2.06399e-14
5527.500000,2.22826e-14
5530.000000,2.26118e-14
5532.500000,2.15847e-14
5535.000000,2.21884e-14
5537.500000,2.25958e-14
5540.000000,2.33742e-14
5542.500000,2.43312e-14
5545.000000,2.38225e-14
5547.500000,2.45581e-14
5550.000000,2.46631e-14
5552.500000,2.60789e-14
5555.000000,2.49573e-14
5557.500000,2.41552e-14
5560.000000,2.56079e-14
5562.500000,2.47764e-14
5565.000000,2.49706e-14
5567.500000,2.64233e-14
5570.000000,2.53853e-14
5572.500000,2.60815e-14
5575.000000,2.83891e-14
5577.500000,2.88483e-14
5580.000000,3.06413e-14
5582.500000,3.00576e-14
5585.000000,2.564e-14
5587.500000,2.56628e-14
5590.000000,2.43518e-14
5592.500000,2.50868e-14
5595.000000,2.34503e-14
5597.500000,2.23527e-14
5600.000000,2.26707e-14
5602.500000,2.36819e-14
5605.000000,2.41282e-14
5607.500000,2.47756e-14
5610.000000,2.47955e-14
5612.500000,2.2766e-14
5615.000000,2.21915e-14
5617.500000,2.38176e-14
5620.000000,2.2843e-14
5622.500000,2.23898e-14
5625.000000,2.29307e-14
5627.500000,2.45722e-14
5630.000000,2.50746e-14
5632.500000,2.57066e-14
5635.000000,2.51084e-14
5637.500000,2.289e-14
5640.000000,2.24831e-14
5642.500000,2.51959e-14
5645.000000,2.50647e-14
5647.500000,2.22599e-14
5650.000000,2.28828e-14
5652.500000,2.38716e-14
5655.000000,2.27989e-14
5657.500000,2.33225e-14
5660.000000,2.428e-14
5662.500000,2.20423e-14
5665.000000,2.19072e-14
5667.500000,2.25726e-14
5670.000000,2.41213e-14
5672.500000,2.38168e-14
5675.000000,2.32385e-14
5677.500000,2.17525e-14
5680.000000,2.15096e-14
5682.500000,2.37927e-14
5685.000000,2.38704e-14
5687.500000,2.27588e-14
5690.000000,2.37412e-14
5692.500000,2.28417e-14
5695.000000,2.36979e-14
5697.500000,2.27932e-14
5700.000000,2.33182e-14
5702.500000,2.41754e-14
5705.000000,2.17829e-14
5707.500000,2.36458e-14
5710.000000,2.17066e-14
5712.500000,2.13737e-14
5715.000000,2.3068e-14
5717.500000,2.24388e-14
5720.000000,2.17374e-14
5722.500000,2.14375e-14
5725.000000,2.0488e-14
5727.500000,2.14172e-14
5730.000000,2.27546e-14
5732.500000,2.1406e-14
5735.000000,2.18777e-14
5737.500000,2.0488e-14
5740.000000,2.19533e-14
5742.500000,2.25751e-14
5745.000000,2.18848e-14
5747.500000,2.21933e-14
5750.000000,2.16723e-14
5752.500000,1.96841e-14
5755.000000,2.01683e-14
5757.500000,2.0134e-14
5760.000000,2.00239e-14
5762.500000,2.21865e-14
5765.000000,2.22355e-14
5767.500000,2.17518e-14
5770.000000,2.16286e-14
5772.500000,2.086e-14
5775.000000,2.17567e-14
5777.500000,2.23843e-14
5780.000000,1.95464e-14
5782.500000,2.03612e-14
5785.000000,1.94626e-14
5787.500000,2.29553e-14
5790.000000,2.29632e-14
5792.500000,2.26718e-14
5795.000000,2.23197e-14
5797.500000,2.22805e-14
5800.000000,2.41963e-14
5802.500000,2.30855e-14
5805.000000,2.12034e-14
5807.500000,2.29379e-14
5810.000000,2.29477e-14
5812.500000,2.30555e-14
5815.000000,2.17007e-14
5817.500000,2.22083e-14
5820.000000,2.26548e-14
5822.500000,2.09184e-14
5825.000000,2.11782e-14
5827.500000,1.95209e-14
5830.000000,2.09168e-14
5832.500000,2.25607e-14
5835.000000,2.11665e-14
5837.500000,2.0915e-14
5840.000000,2.17639e-14
5842.500000,2.07778e-14
5845.000000,2.03081e-14
5847.500000,2.08376e-14
5850.000000,2.14099e-14
5852.500000,2.27795e-14
5855.000000,2.12356e-14
5857.500000,2.16896e-14
5860.000000,2.23931e-14
5862.500000,2.26828e-14
5865.000000,2.29472e-14
5867.500000,2.3057e-14
5870.000000,2.21011e-14
5872.500000,2.1228e-14
5875.000000,2.06606e-14
5877.500000,1.98639e-14
5880.000000,2.16407e-14
5882.500000,2.26706e-14
5885.000000,2.22248e-14
5887.500000,2.06495e-14
5890.000000,1.77002e-14
5892.500000,1.70801e-14
5895.000000,1.94595e-14
5897.500000,2.20351e-14
5900.000000,2.33688e-14
5902.500000,2.26583e-14
5905.000000,2.0064e-14
5907.500000,1.95954e-14
5910.000000,1.99979e-14
5912.500000,2.3632e-14
5915.000000,2.46197e-14
5917.500000,2.09192e-14
5920.000000,2.14037e-14
5922.500000,2.1478e-14
5925.000000,2.32101e-14
5927.500000,2.23085e-14
5930.000000,2.1337e-14
5932.500000,2.11979e-14
5935.000000,2.11386e-14
5937.500000,2.20966e-14
5940.000000,2.27893e-14
5942.500000,2.33806e-14
5945.000000,2.45469e-14
5947.500000,2.42702e-14
5950.000000,2.27479e-14
5952.500000,2.37409e-14
5955.000000,2.1704e-14
5957.500000,2.06907e-14
5960.000000,2.2134e-14
5962.500000,2.26593e-14
5965.000000,2.08717e-14
5967.500000,1.87876e-14
5970.000000,2.26196e-14
5972.500000,2.16627e-14
5975.000000,2.12289e-14
5977.500000,2.05095e-14
5980.000000,2.20063e-14
5982.500000,2.09202e-14
5985.000000,2.0032e-14
5987.500000,2.12937e-14
5990.000000,2.12009e-14
5992.500000,2.17235e-14
5995.000000,2.21104e-14
5997.500000,2.05334e-14
6000.000000,2.0475e-14
6002.500000,2.14091e-14
6005.000000,2.14114e-14
6007.500000,2.21007e-14
6010.000000,2.35506e-14
6012.500000,2.25752e-14
6015.000000,2.11072e-14
6017.500000,2.24798e-14
6020.000000,2.31061e-14
6022.500000,1.95883e-14
6025.000000,2.00476e-14
6027.500000,2.06872e-14
6030.000000,2.15671e-14
6032.500000,2.3801e-14
6035.000000,2.28997e-14
6037.500000,2.27718e-14
6040.000000,2.44543e-14
6042.500000,2.29736e-14
6045.000000,2.2498e-14
6047.500000,2.19118e-14
6050.000000,2.08002e-14
6052.500000,2.28268e-14
6055.000000,2.34373e-14
6057.500000,2.13212e-14
6060.000000,2.08244e-14
6062.500000,2.06813e-14
6065.000000,2.07285e-14
6067.500000,2.09874e-14
6070.000000,1.93112e-14
6072.500000,1.95729e-14
6075.000000,2.15534e-14
6077.500000,2.25504e-14
6080.000000,2.25741e-14
6082.500000,2.14657e-14
6085.000000,2.54059e-14
6087.500000,2.49564e-14
6090.000000,2.16405e-14
6092.500000,2.31801e-14
6095.000000,2.22754e-14
6097.500000,2.08464e-14
6100.000000,2.00139e-14
6102.500000,2.24955e-14
6105.000000,2.24625e-14
6107.500000,2.29776e-14
6110.000000,2.15275e-14
6112.500000,2.08689e-14
6115.000000,2.24387e-14
6117.500000,2.12975e-14
6120.000000,2.14674e-14
6122.500000,2.23572e-14
6125.000000,2.16758e-14
6127.500000,2.33114e-14
6130.000000,2.09185e-14
6132.500000,2.06557e-14
6135.000000,2.15748e-14
6137.500000,2.02455e-14
6140.000000,2.01801e-14
6142.500000,2.12468e-14
6145.000000,2.37187e-14
6147.500000,2.38127e-14
6150.000000,2.25034e-14
6152.500000,2.01374e-14
6155.000000,2.02724e-14
6157.500000,2.09916e-14
6160.000000,1.97397e-14
6162.500000,1.99354e-14
6165.000000,2.06114e-14
6167.500000,2.17096e-14
6170.000000,2.25731e-14
6172.500000,2.32004e-14
6175.000000,2.21716e-14
6177.500000,2.1571e-14
6180.000000,2.24679e-14
6182.500000,2.16695e-14
6185.000000,2.08373e-14
6187.500000,2.02233e-14
6190.000000,1.94693e-14
6192.500000,2.35427e-14
6195.000000,2.03742e-14
6197.500000,2.07752e-14
6200.000000,2.02279e-14
6202.500000,2.18974e-14
6205.000000,2.18054e-14
6207.500000,2.11658e-14
6210.000000,2.23396e-14
6212.500000,1.99973e-14
6215.000000,2.15648e-14
6217.500000,2.17712e-14
6220.000000,2.19814e-14
6222.500000,2.0795e-14
6225.000000,1.86534e-14
6227.500000,2.0543e-14
6230.000000,2.10771e-14
6232.500000,2.00106e-14
6235.000000,2.15245e-14
6237.500000,2.2182e-14
6240.000000,2.15825e-14
6242.500000,1.98215e-14
6245.000000,2.16157e-14
6247.500000,1.97525e-14
6250.000000,2.04187e-14
6252.500000,2.29281e-14
6255.000000,2.14191e-14
6257.500000,1.97789e-14
6260.000000,2.16042e-14
6262.500000,1.9279e-14
6265.000000,2.08741e-14
6267.500000,2.30283e-14
6270.000000,1.98077e-14
6272.500000,1.96288e-14
6275.000000,1.89085e-14
6277.500000,1.78381e-14
6280.000000,1.85804e-14
6282.500000,1.90798e-14
6285.000000,1.71284e-14
6287.500000,1.7275e-14
6290.000000,1.94734e-14
6292.500000,2.07796e-14
6295.000000,2.32638e-14
6297.500000,2.62585e-14
6300.000000,1.98862e-14
6302.500000,1.93877e-14
6305.000000,1.91335e-14
6307.500000,2.03904e-14
6310.000000,2.20868e-14
6312.500000,1.99978e-14
6315.000000,2.20341e-14
6317.500000,1.98811e-14
6320.000000,2.13825e-14
6322.500000,1.86241e-14
6325.000000,1.83341e-14
6327.500000,1.9549e-14
6330.000000,2.18794e-14
6332.500000,2.40597e-14
6335.000000,2.08573e-14
6337.500000,1.73392e-14
6340.000000,1.93655e-14
6342.500000,2.0593e-14
6345.000000,1.90839e-14
6347.500000,1.82016e-14
6350.000000,1.91879e-14
6352.500000,1.83858e-14
6355.000000,1.94611e-14
6357.500000,2.12666e-14
6360.000000,1.97432e-14
6362.500000,2.00177e-14
6365.000000,1.86223e-14
6367.500000,2.04714e-14
6370.000000,1.97906e-14
6372.500000,2.21495e-14
6375.000000,1.82866e-14
6377.500000,1.62025e-14
6380.000000,1.88671e-14
6382.500000,1.95688e-14
6385.000000,1.94483e-14
6387.500000,1.78396e-14
6390.000000,1.97971e-14
6392.500000,1.78293e-14
6395.000000,1.85619e-14
6397.500000,1.74981e-14
6400.000000,1.81048e-14
6402.500000,1.68382e-14
6405.000000,1.67048e-14
6407.500000,1.95264e-14
6410.000000,1.65994e-14
6412.500000,1.95445e-14
6415.000000,1.9096e-14
6417.500000,1.76033e-14
6420.000000,2.02656e-14
6422.500000,1.91219e-14
6425.000000,1.86295e-14
6427.500000,2.17898e-14
6430.000000,2.13392e-14
6432.500000,2.14794e-14
6435.000000,2.02068e-14
6437.500000,2.1474e-14
6440.000000,1.87198e-14
6442.500000,1.9846e-14
6445.000000,2.12821e-14
6447.500000,1.98213e-14
6450.000000,2.32433e-14
6452.500000,1.93308e-14
6455.000000,1.75466e-14
6457.500000,1.91215e-14
6460.000000,2.01635e-14
6462.500000,2.13359e-14
6465.000000,1.93808e-14
6467.500000,2.06046e-14
6470.000000,2.52699e-14
6472.500000,2.15976e-14
6475.000000,2.16802e-14
6477.500000,2.22324e-14
6480.000000,1.80121e-14
6482.500000,1.74746e-14
6485.000000,2.18331e-14
6487.500000,2.38453e-14
6490.000000,2.07956e-14
6492.500000,1.92191e-14
6495.000000,2.16456e-14
6497.500000,2.49149e-14
6500.000000,2.51282e-14
6502.500000,2.4246e-14
6505.000000,2.61791e-14
6507.500000,3.1811e-14
6510.000000,3.49278e-14
6512.500000,3.50353e-14
6515.000000,3.7571e-14
6517.500000,3.50753e-14
6520.000000,3.04801e-14
6522.500000,3.70427e-14
6525.000000,3.99467e-14
6527.500000,3.76397e-14
6530.000000,3.76541e-14
6532.500000,4.65198e-14
6535.000000,5.14453e-14
6537.500000,5.41914e-14
6540.000000,5.36096e-14
6542.500000,5.11505e-14
6545.000000,5.49966e-14
6547.500000,6.07994e-14
6550.000000,6.75457e-14
6552.500000,7.26255e-14
6555.000000,6.85558e-14
6557.500000,8.13196e-14
6560.000000,9.67042e-14
6562.500000,8.81153e-14
6565.000000,8.70865e-14
6567.500000,7.27157e-14
6570.000000,5.85413e-14
6572.500000,5.37077e-14
6575.000000,4.59085e-14
6577.500000,3.77304e-14
6580.000000,3.77153e-14
6582.500000,3.78824e-14
6585.000000,3.46409e-14
6587.500000,3.5902e-14
6590.000000,2.99568e-14
6592.500000,3.28992e-14
6595.000000,2.90308e-14
6597.500000,2.75712e-14
6600.000000,3.28337e-14
6602.500000,3.02756e-14
6605.000000,2.54799e-14
6607.500000,2.40368e-14
6610.000000,2.90531e-14
6612.500000,2.50364e-14
6615.000000,2.71315e-14
6617.500000,2.76585e-14
6620.000000,2.52298e-14
6622.500000,2.24321e-14
6625.000000,2.03124e-14
6627.500000,2.19314e-14
6630.000000,2.1636e-14
6632.500000,2.15303e-14
6635.000000,1.69923e-14
6637.500000,1.95631e-14
6640.000000,2.26633e-14
6642.500000,1.9775e-14
6645.000000,1.69586e-14
6647.500000,2.17883e-14
6650.000000,2.01103e-14
6652.500000,1.84558e-14
6655.000000,1.97073e-14
6657.500000,2.01675e-14
6660.000000,1.85779e-14
6662.500000,1.98466e-14
6665.000000,1.88663e-14
6667.500000,2.24397e-14
6670.000000,1.95418e-14
6672.500000,1.73379e-14
6675.000000,1.89647e-14
6677.500000,2.27193e-14
6680.000000,2.38581e-14
6682.500000,2.22611e-14
6685.000000,2.48513e-14
6687.500000,2.16648e-14
6690.000000,1.83455e-14
6692.500000,2.00672e-14
6695.000000,1.94959e-14
6697.500000,1.9907e-14
6700.000000,1.55099e-14
6702.500000,1.58094e-14
6705.000000,1.42164e-14
6707.500000,2.37812e-14
6710.000000,2.04743e-14
6712.500000,1.24358e-14
6715.000000,1.941e-14
6717.500000,2.1788e-14
6720.000000,2.04596e-14
6722.500000,1.80749e-14
6725.000000,2.35285e-14
6727.500000,1.89131e-14
6730.000000,2.44578e-14
6732.500000,1.98275e-14
6735.000000,1.85462e-14
6737.500000,1.92724e-14
6740.000000,1.75179e-14
6742.500000,2.12131e-14
6745.000000,1.70685e-14
6747.500000,1.80822e-14
6750.000000,2.60118e-14
6752.500000,2.01016e-14
6755.000000,1.93837e-14
6757.500000,2.51284e-14
6760.000000,1.68614e-14
6762.500000,1.65437e-14
6765.000000,1.19324e-14
6767.500000,1.45569e-14
6770.000000,1.62945e-14
6772.500000,2.40672e-14
6775.000000,2.01393e-14
6777.500000,2.16599e-14
6780.000000,2.15294e-14
6782.500000,2.08799e-14
6785.000000,2.09548e-14
6787.500000,2.20543e-14
6790.000000,2.01698e-14
6792.500000,1.80606e-14
6795.000000,1.96394e-14
6797.500000,1.45945e-14
6800.000000,1.85438e-14
6802.500000,2.07162e-14
6805.000000,1.96235e-14
6807.500000,2.12113e-14
6810.000000,2.00443e-14
6812.500000,2.36089e-14
6815.000000,2.09067e-14
6817.500000,2.36249e-14
6820.000000,2.51513e-14
6822.500000,2.33009e-14
6825.000000,2.05649e-14
6827.500000,1.93172e-14
6830.000000,2.75043e-14
6832.500000,2.28819e-14
6835.000000,1.9216e-14
6837.500000,1.95102e-14
6840.000000,2.01988e-14
6842.500000,1.97907e-14
6845.000000,1.90704e-14
6847.500000,1.55291e-14
6850.000000,2.22851e-14
6852.500000,2.55304e-14
6855.000000,2.02198e-14
6857.500000,1.98731e-14
6860.000000,2.01982e-14
6862.500000,2.22374e-14
6865.000000,1.58435e-14
6867.500000,1.72488e-14
6870.000000,1.89187e-14
6872.500000,1.92516e-14
6875.000000,1.85646e-14
6877.500000,1.7997e-14
6880.000000,2.37434e-14
6882.500000,1.94783e-14
6885.000000,2.57925e-14
6887.500000,2.0705e-14
6890.000000,2.16113e-14
6892.500000,2.40654e-14
6895.000000,2.25681e-14
6897.500000,2.27284e-14
6900.000000,2.14302e-14
6902.500000,1.58323e-14
6905.000000,2.40858e-14
6907.500000,2.39873e-14
6910.000000,2.33677e-14
6912.500000,2.48689e-14
6915.000000,2.03953e-14
6917.500000,2.34292e-14
6920.000000,1.7649e-14
6922.500000,1.74304e-14
6925.000000,2.67018e-14
6927.500000,2.15744e-14
6930.000000,2.24012e-14
6932.500000,2.08747e-14
6935.000000,1.93702e-14
6937.500000,2.53292e-14
6940.000000,2.22411e-14
6942.500000,2.26679e-14
6945.000000,1.89686e-14
6947.500000,2.50282e-14
6950.000000,2.56805e-14
6952.500000,2.27031e-14
6955.000000,1.93328e-14
6957.500000,2.08809e-14
6960.000000,2.35967e-14
6962.500000,2.10394e-14
6965.000000,2.421e-14
6967.500000,2.6632e-14
6970.000000,1.72725e-14
6972.500000,2.11554e-14
6975.000000,2.39493e-14
6977.500000,2.65026e-14
6980.000000,2.63719e-14
6982.500000,2.4797e-14
6985.000000,2.34046e-14
6987.500000,2.14727e-14
6990.000000,2.72805e-14
6992.500000,2.43353e-14
6995.000000,2.33893e-14
6997.500000,2.26306e-14
7000.000000,2.41463e-14
7002.500000,2.15333e-14
7005.000000,2.49637e-14
7007.500000,2.16335e-14
7010.000000,2.31699e-14
7012.500000,2.82607e-14
7015.000000,2.43482e-14
7017.500000,1.83385e-14
7020.000000,2.30283e-14
7022.500000,2.03622e-14
7025.000000,1.94629e-14
7027.500000,2.15574e-14
7030.000000,2.40574e-14
7032.500000,1.93976e-14
7035.000000,1.45922e-14
7037.500000,2.28895e-14
7040.000000,2.0802e-14
7042.500000,1.67578e-14
7045.000000,2.76644e-14
7047.500000,2.45138e-14
7050.000000,2.28553e-14
7052.500000,9.77162e-15
7055.000000,1.96417e-14
7057.500000,3.30882e-14
7060.000000,1.78955e-14
7062.500000,2.6371e-14
7065.000000,2.77992e-14
7067.500000,2.3257e-14
7070.000000,2.27592e-14
7072.500000,2.01305e-14
7075.000000,1.10659e-14
7077.500000,2.32936e-14
7080.000000,1.95683e-14
7082.500000,2.43096e-14
7085.000000,2.88454e-14
7087.500000,1.90109e-14
7090.000000,2.32295e-14
7092.500000,2.51098e-14
7095.000000,2.58929e-14
7097.500000,2.36269e-14
7100.000000,2.08053e-14
7102.500000,2.32762e-14
7105.000000,1.69933e-14
7107.500000,2.49476e-14
7110.000000,1.63597e-14
7112.500000,2.09194e-14
7115.000000,1.83531e-14
7117.500000,2.32719e-14
7120.000000,2.151e-14
7122.500000,1.55688e-14
7125.000000,1.9927e-14
7127.500000,1.85534e-14
7130.000000,2.23337e-14
7132.500000,1.82934e-14
7135.000000,1.80089e-14
7137.500000,1.72184e-14
7140.000000,1.70031e-14
7142.500000,2.09702e-14
7145.000000,2.07942e-14
7147.500000,1.31108e-14
7150.000000,1.24699e-14
7152.500000,1.3751e-14
7155.000000,1.51453e-14
7157.500000,9.39058e-15
7160.000000,1.89818e-14
7162.500000,1.08209e-14
7165.000000,1.30453e-14
7167.500000,1.16199e-14
7170.000000,1.29162e-14
7172.500000,9.02299e-15
7175.000000,1.03932e-14
7177.500000,1.10126e-14
7180.000000,1.12949e-14
7182.500000,6.26579e-15
7185.000000,1.05002e-14
7187.500000,6.82426e-15
7190.000000,6.56455e-15
7192.500000,1.24341e-14
7195.000000,7.22549e-15
7197.500000,7.80445e-15
7200.000000,2.84028e-15
7202.500000,2.72347e-15
7205.000000,8.39117e-15
7207.500000,-4.84566e-21
7210.000000,-4.84566e-21
7212.500000,-4.84566e-21
7215.000000,-4.84566e-21
7217.500000,-4.84566e-21
7220.000000,-4.84566e-21
7222.500000,-4.84566e-21
7225.000000,-4.84566e-21
7227.500000,-4.84566e-21
7230.000000,-4.84566e-21
7232.500000,-4.84566e-21
7235.000000,-4.84566e-21
7237.500000,-4.84566e-21
7240.000000,-4.84566e-21
7242.500000,-4.84566e-21
7245.000000,-4.84566e-21
7247.500000,-4.84566e-21
7250.000000,-4.84566e-21
7252.500000,-4.84566e-21
7255.000000,-4.84566e-21
7257.500000,-4.84566e-21
7260.000000,-4.84566e-21
7262.500000,-4.84566e-21
7265.000000,-4.84566e-21
7267.500000,-4.84566e-21
7270.000000,-4.84566e-21
7272.500000,-4.84566e-21
7275.000000,-4.84566e-21
7277.500000,-4.84566e-21
7280.000000,-4.84566e-21
7282.500000,-4.84566e-21
7285.000000,-4.84566e-21
7287.500000,-4.84566e-21
7290.000000,-4.84566e-21
7292.500000,-4.84566e-21
7295.000000,-4.84566e-21
7297.500000,-4.84566e-21
7300.000000,-4.84566e-21
7302.500000,-4.84566e-21
7305.000000,-4.84566e-21
7307.500000,-4.84566e-21
7310.000000,-4.84566e-21
7312.500000,-4.84566e-21
7315.000000,-4.84566e-21